img_key,rle_mask
agly-rd11_1-2023-10-03T11_05_10.png,1 307199
aix-en-provence_1-2023-12-04T13 20 18.png,1 307199
aix-en-provence_1-2024-01-02T14 47 41.png,1 307199
aix-en-provence_1-2024-01-15T14 47 21.png,1 307199
aix-en-provence_1-2024-01-16T11 48 06.png,1 307199
aix-en-provence_1-2024-01-18T09 47 30.png,1 307199
aix-en-provence_1-2024-01-30T09 18 02.png,1 307199
aragon_1-2021-08-15T08_09_50.png,1 307199
balma_1-2022-04-07T15_29_52.png,1 307199
balma_2-2023-08-27T09_02_06.png,1 307199
balma_2-2023-08-28T08_01_16.png,1 307199
balma_2-2023-10-07T06_01_28.png,1 307199
balma_2-2023-12-02T11 01 59.png,1 307199
balma_2-2023-12-13T09 01 38.png,1 307199
balma_2-2023-12-22T14 01 44.png,1 307199
balma_2-2024-01-12T10 01 52.png,1 307199
balma_2-2024-01-15T14 01 51.png,1 307199
balma_2-2024-01-16T14 01 16.png,1 307199
balma_2-2024-01-30T09 01 27.png,1 307199
bonrepos-sur-aussonnelle_1-2022-01-12T15_31_16.png,1 307199
bonrepos-sur-aussonnelle_1-2022-01-17T15_01_14.png,1 307199
bonrepos-sur-aussonnelle_1-2022-03-02T08_46_13.png,1 307199
bonrepos-sur-aussonnelle_1-2022-05-17T07_02_13.png,1 307199
bonrepos-sur-aussonnelle_1-2022-10-12T15_02_13.png,1 307199
bonrepos-sur-aussonnelle_1-2022-11-30T07_02_19.png,1 307199
Cabrespine_1-2021-12-15T09_14_50.png,1 307199
Cabrespine_1-2022-03-13T07_44_51.png,1 307199
Cabrespine_1-2022-05-02T12_14_50.png,1 307199
Cabrespine_1-2022-07-16T09_14_50.png,1 307199
Cabrespine_1-2022-08-16T18_14_50.png,1 307199
Cabrespine_1-2022-09-30T06_14_51.png,1 307199
Cabrespine_1-2022-11-26T12_14_50.png,1 307199
Cabrespine_1-2023-01-13T09_14_50.png,1 307199
Cabrespine_1-2023-01-31T07_14_51.png,1 307199
Cabrespine_1-2023-02-13T08_14_49.png,1 307199
Cabrespine_1-2023-10-03T06_14_48.png,1 307199
casale-monferrato_1-2022-05-20T08_31_12.png,1 307199
casale-monferrato_1-2023-10-16T09_31_10.png,1 307199
castelsarrasin_1-2022-06-29T16_20_11.png,1 307199
castets-et-castillon_1-2023-01-20T11_01_10.png,1 307199
cepet_1-2023-01-20T09_09_13.png,1 307199
claira_1-2023-02-16T12_22_09.png,1 307199
claira_1-2023-02-16T13_32_09.png,1 307199
claira_1-2023-02-16T17_32_12.png,1 307199
claira_1-2023-02-17T09_32_11.png,1 307199
cornebarrieu_1-2022-10-09T07_17_14.png,1 307199
coursan_2-2022-11-23T07_02_06.png,1 307199
couthures-sur-garonne_1-2024-01-24T16 30 10.png,1 307199
erstein_2-2023-10-11T13_51_10.png,1 307199
erstein_2-2023-10-12T15_51_09.png,1 307199
fontenilles_1-2022-06-24T16_41_15.png,1 307199
fontenilles_1-2022-06-24T18_41_15.png,1 307199
fontenilles_1-2022-08-18T17_41_14.png,1 307199
fontenilles_1-2022-09-16T13_41_16.png,1 307199
fontenilles_1-2022-09-27T12_41_15.png,1 307199
fontenilles_1-2022-10-25T14_41_17.png,1 307199
fontenilles_1-2022-11-23T08_41_14.png,1 307199
fontenilles_1-2022-11-23T15_41_15.png,1 307199
fontenilles_1-2022-12-08T14_41_15.png,1 307199
fos-sur-mer_1-2023-04-30T11_13_12.png,1 307199
frejus_2-2021-10-06T13_07_49.png,1 307199
frejus_2-2021-11-25T11_07_47.png,1 307199
frejus_2-2022-12-04T11_07_48.png,1 307199
frejus_2-2023-01-10T13_07_49.png,1 307199
fuveau_1-2024-01-17T15 55 48.png,1 307199
gardouch_1-2022-01-10T07_52_17.png,1 307199
gardouch_1-2022-01-10T09_07_14.png,1 307199
gardouch_1-2022-01-10T10_22_16.png,1 307199
gardouch_1-2022-01-10T12_37_16.png,1 307199
gardouch_1-2022-01-10T15_07_19.png,1 307199
gardouch_1-2022-01-10T15_22_14.png,1 307199
gardouch_1-2022-01-11T08_52_16.png,1 307199
gardouch_1-2022-03-15T12_52_16.png,1 307199
gardouch_1-2022-07-09T10_52_14.png,1 307199
gardouch_1-2022-07-13T17_52_14.png,1 307199
gardouch_1-2022-07-15T11_52_14.png,1 307199
gardouch_1-2022-08-08T06_52_19.png,1 307199
gardouch_1-2022-08-20T13_52_14.png,1 307199
gardouch_1-2022-08-24T12_52_16.png,1 307199
gardouch_1-2022-09-23T16_52_13.png,1 307199
gardouch_1-2023-01-07T12_52_14.png,1 307199
gardouch_1-2023-01-20T09_52_12.png,1 307199
gardouch_1-2023-01-28T14_52_12.png,1 307199
gardouch_2-2023-10-17T11_44_39.png,1 307199
gardouch_2-2023-10-17T11_52_20.png,1 307199
gardouch_2-2023-10-17T12_05_05.png,1 307199
gerstheim_1-2022-08-27T08_36_12.png,1 307199
gerstheim_1-2022-09-04T09_36_12.png,1 307199
joliette_1-2023-01-27T19_40_14.png,1 307199
l-hopital-d-orion_1-2022-10-23T11_12_09.png,1 307199
l-hopital-d-orion_1-2022-10-30T10_12_10.png,1 307199
l-hopital-d-orion_1-2022-11-13T09_12_09.png,1 307199
l-hopital-d-orion_1-2022-11-24T07_12_09.png,1 307199
l-hopital-d-orion_1-2022-11-26T08_12_10.png,1 307199
l-hopital-d-orion_1-2022-11-26T09_12_10.png,1 307199
l-hopital-d-orion_1-2023-12-20T16 12 10.png,1 307199
l-hopital-d-orion_1-2024-01-28T15 12 09.png,1 307199
la-ferte-alais_1-2022-10-24T15_36_14.png,1 307199
la-salvetat-saint-gilles_1-2021-12-05T11_31_14.png,1 307199
la-salvetat-saint-gilles_1-2022-03-17T15_31_11.png,1 307199
lahontan_1-2023-10-13T12_29_13.png,1 307199
langon_1-2022-12-17T14_09_10.png,1 307199
langon_1-2022-12-28T16_39_09.png,1 307199
le-mas-d-agenais_1-2024-01-14T09 19 10.png,1 307199
mandelieu-la-napoule_1-2022-11-24T12_32_14.png,1 307199
mandelieu-la-napoule_1-2022-12-04T12_32_16.png,1 307199
marmande_3-2023-07-12T09_22_10.png,1 307199
mas-de-py_1-2023-10-16T13_05_12.png,1 307199
mas-de-py_1-2023-10-17T10_04_37.png,1 307199
mazeres-de-neste_1-2023-08-30T13_16_12.png,1 307199
mazeres_1-2022-12-18T10_29_52.png,1 307199
mazeres_1-2023-10-17T13 29 51.png,1 307199
mazeres_1-2024-01-02T12 29 51.png,1 307199
mazeres_1-2024-01-10T14 29 52.png,1 307199
muret_1-2023-02-07T08_15_53.png,1 307199
muret_1-2023-04-26T08_15_53.png,1 307199
muret_1-2024-01-18T08 15 52.png,1 307199
oestrich-winkel_1-2023-07-12T12_11_11.png,1 307199
ondes_1-2022-11-24T09_27_09.png,1 307199
ondes_2-2023-05-25T15_42_10.png,1 307199
orbiel_1-2022-06-01T09_38_50.png,1 307199
ottmarsheim_1-2022-12-18T13_42_10.png,1 307199
pardies_1-2023-09-29T06_29_09.png,1 307199
pardies_1-2023-10-12T13_29_09.png,1 307199
pibrac_1-2022-10-14T08_27_15.png,1 307199
pibrac_1-2022-10-30T09_27_13.png,1 307199
pibrac_1-2022-12-08T15_27_17.png,1 307199
pibrac_1-2023-01-10T11_27_15.png,1 307199
pibrac_1-2023-01-20T10_27_10.png,1 307199
pibrac_1-2023-04-15T09_27_10.png,1 307199
pibrac_1-2023-06-14T10_27_10.png,1 307199
pierantonio_1-2023-01-19T10_40_12.png,1 307199
pont-de-montvert_1-2023-02-24T09_16_11.png,1 307199
pont-de-montvert_1-2023-02-24T14_16_11.png,1 307199
pont-de-montvert_1-2023-03-12T11_16_10.png,1 307199
pont-de-montvert_1-2023-06-06T14_16_13.png,1 307199
pont-de-montvert_1-2023-09-16T13_16_13.png,1 307199
pontelagoscuro_1-2022-11-09T12_47_12.png,1 307199
pontelagoscuro_1-2022-12-13T14_47_10.png,1 307199
salies-de-bearn_1-2022-11-22T08_01_12.png,1 307199
salies-de-bearn_1-2023-01-07T12_31_12.png,1 307199
salies-de-bearn_1-2023-11-24T15 31 12.png,1 307199
sorede_1-2021-08-28T15_40_49.png,1 307199
sorede_1-2021-08-31T16_40_50.png,1 307199
toulouse-croix-de-pierre_1-2023-05-26T13_53_11.png,1 307199
toulouse_2-2022-01-11T13_29_52.png,1 307199
toulouse_2-2022-10-12T09_29_52.png,1 307199
trebes_1-2022-11-09T13_22_13.png,1 307199
umbertide_1-2023-01-13T12_33_10.png,1 307199
umbertide_1-2023-01-18T11_33_13.png,1 307199
umbertide_1-2023-01-19T06_33_12.png,1 307199
umbertide_1-2023-05-05T14_33_10.png,1 307199
umbertide_1-2023-05-28T14_33_12.png,1 307199
vallouise_1-2023-08-27T06_09_10.png,1 307199
verdun-sur-garonne_2-2023-06-14T14_13_12.png,1 307199
